image_file,class,confidence,x1,y1,x2,y2
WhatsApp Image 2025-03-24 at 15.17.40_929efe51.jpg,Good-Seed,0.915,259.65,114.59,583.15,406.16
WhatsApp Image 2025-03-24 at 15.17.40_929efe51.jpg,Good-Seed,0.913,783.57,745.15,1052.94,1074.71
WhatsApp Image 2025-03-24 at 15.17.40_929efe51.jpg,Good-Seed,0.896,229.82,602.08,534.91,887.53
WhatsApp Image 2025-03-24 at 15.17.40_929efe51.jpg,Good-Seed,0.866,749.46,203.22,1045.19,512.33
WhatsApp Image 2025-03-24 at 15.17.40_929efe51.jpg,Bad-Seed,0.843,740.79,1239.98,990.97,1518.12
WhatsApp Image 2025-03-24 at 15.17.40_929efe51.jpg,Bad-Seed,0.728,258.52,1147.86,516.05,1449.25
WhatsApp Image 2025-03-24 at 15.17.40_f33f46b3.jpg,Bad-Seed,0.902,806.86,246.73,1120.79,563.41
WhatsApp Image 2025-03-24 at 15.17.40_f33f46b3.jpg,Bad-Seed,0.897,218.06,1120.29,534.39,1499.76
WhatsApp Image 2025-03-24 at 15.17.40_f33f46b3.jpg,Bad-Seed,0.896,774.85,1005.68,1057.41,1352.03
WhatsApp Image 2025-03-24 at 15.17.40_f33f46b3.jpg,Bad-Seed,0.884,443.22,604.64,720.64,867.08
WhatsApp Image 2025-03-24 at 15.17.40_f33f46b3.jpg,Bad-Seed,0.827,224.89,183.0,469.55,427.82
WhatsApp Image 2025-03-24 at 15.17.41_447b0823.jpg,Bad-Seed,0.912,774.07,1203.32,1103.23,1472.26
WhatsApp Image 2025-03-24 at 15.17.41_447b0823.jpg,Bad-Seed,0.89,317.4,659.59,753.62,886.13
WhatsApp Image 2025-03-24 at 15.17.41_447b0823.jpg,Good-Seed,0.883,795.0,783.45,1083.58,1104.34
WhatsApp Image 2025-03-24 at 15.17.41_447b0823.jpg,Bad-Seed,0.88,166.21,160.43,437.46,416.77
WhatsApp Image 2025-03-24 at 15.17.41_447b0823.jpg,Bad-Seed,0.876,165.59,974.27,466.37,1243.32
WhatsApp Image 2025-03-24 at 15.17.41_447b0823.jpg,Good-Seed,0.789,791.9,280.73,1123.25,541.6
WhatsApp Image 2025-03-24 at 15.17.41_51c93623.jpg,Bad-Seed,0.933,758.17,279.52,1099.8,641.13
WhatsApp Image 2025-03-24 at 15.17.41_51c93623.jpg,Bad-Seed,0.923,830.95,885.45,1156.17,1249.26
WhatsApp Image 2025-03-24 at 15.17.41_51c93623.jpg,Bad-Seed,0.922,177.55,1118.62,488.27,1451.63
WhatsApp Image 2025-03-24 at 15.17.41_51c93623.jpg,Good-Seed,0.916,142.29,171.9,556.24,480.91
WhatsApp Image 2025-03-24 at 15.17.41_51c93623.jpg,Bad-Seed,0.894,114.92,668.86,389.18,889.81
