object_id,frame_number,timestamp,class,confidence,x1,y1,x2,y2,detection_type
0,12,20250525_214124_001,Bad-Seed,0.353,208.18,0.54,638.22,472.17,unique_confirmed
8,81,20250525_214126_554,Bad-Seed,0.669,132.97,106.9,640.0,479.77,unique_confirmed
10,141,20250525_214129_623,Good-Seed,0.337,0.02,32.1,531.48,480.0,unique_confirmed
11,165,20250525_214131_075,Bad-Seed,0.281,0.04,0.83,590.15,452.52,unique_confirmed
14,225,20250525_214134_683,Bad-Seed,0.318,0.0,0.21,465.99,307.63,unique_confirmed
16,240,20250525_214135_573,Bad-Seed,0.543,0.0,0.17,478.7,115.24,unique_confirmed
19,300,20250525_214139_204,Bad-Seed,0.711,0.33,0.06,413.16,144.81,unique_confirmed
20,306,20250525_214139_554,Good-Seed,0.608,114.86,0.03,601.89,59.99,unique_confirmed
17,312,20250525_214139_929,Good-Seed,0.253,142.82,0.0,613.42,163.23,unique_confirmed
22,405,20250525_214145_525,Good-Seed,0.793,0.0,0.41,634.6,138.13,unique_confirmed
23,417,20250525_214146_247,Good-Seed,0.305,0.0,0.0,635.65,316.24,unique_confirmed
27,627,20250525_214158_896,Good-Seed,0.605,0.62,101.44,588.11,478.83,unique_confirmed
28,639,20250525_214159_616,Bad-Seed,0.686,0.0,347.31,211.49,480.0,unique_confirmed
32,660,20250525_214200_886,Good-Seed,0.9,80.89,101.98,297.82,271.75,unique_confirmed
33,690,20250525_214202_693,Bad-Seed,0.904,210.01,101.51,430.82,274.57,unique_confirmed
35,735,20250525_214205_394,Bad-Seed,0.727,147.23,193.15,368.05,360.67,unique_confirmed
36,753,20250525_214206_487,Good-Seed,0.719,150.21,179.97,366.99,344.12,unique_confirmed
42,930,20250525_214217_142,Bad-Seed,0.887,354.64,21.8,615.42,231.48,unique_confirmed
45,945,20250525_214218_053,Good-Seed,0.677,279.25,227.16,518.97,412.11,unique_confirmed
44,948,20250525_214218_229,Bad-Seed,0.862,292.87,237.62,533.02,418.15,unique_confirmed
47,996,20250525_214221_125,Bad-Seed,0.74,257.7,178.67,511.15,367.6,unique_confirmed
51,1050,20250525_214224_374,Bad-Seed,0.85,213.08,203.03,465.25,397.33,unique_confirmed
53,1083,20250525_214226_357,Good-Seed,0.628,257.97,195.84,510.58,389.29,unique_confirmed
57,1113,20250525_214228_163,Bad-Seed,0.564,572.28,0.0,639.86,429.0,unique_confirmed
61,1128,20250525_214229_061,Bad-Seed,0.941,453.8,0.7,639.95,209.89,unique_confirmed
63,1143,20250525_214229_970,Bad-Seed,0.819,544.83,45.24,640.0,244.0,unique_confirmed
75,1185,20250525_214232_499,Good-Seed,0.911,296.37,73.23,558.87,350.45,unique_confirmed
78,1224,20250525_214234_854,Bad-Seed,0.448,95.87,210.42,350.73,480.0,unique_confirmed
81,1242,20250525_214235_926,Good-Seed,0.874,112.85,145.38,370.42,424.25,unique_confirmed
82,1296,20250525_214239_190,Bad-Seed,0.937,63.53,231.51,327.11,479.86,unique_confirmed
83,1320,20250525_214240_631,Good-Seed,0.629,134.68,100.71,387.81,379.33,unique_confirmed
85,1434,20250525_214247_487,Bad-Seed,0.472,0.25,92.33,198.9,371.02,unique_confirmed
87,1449,20250525_214248_401,Bad-Seed,0.512,130.74,128.13,385.18,401.4,unique_confirmed
88,1455,20250525_214248_757,Good-Seed,0.916,118.19,120.12,373.52,397.12,unique_confirmed
89,1536,20250525_214253_636,Bad-Seed,0.899,60.72,121.95,330.34,404.69,unique_confirmed
90,1554,20250525_214254_726,Good-Seed,0.718,121.41,97.02,385.63,386.62,unique_confirmed
91,1605,20250525_214257_797,Bad-Seed,0.769,88.48,113.62,359.72,399.07,unique_confirmed
93,1725,20250525_214305_010,Good-Seed,0.915,92.37,205.2,353.12,480.0,unique_confirmed
98,1791,20250525_214308_950,Bad-Seed,0.878,412.72,0.0,640.0,480.0,unique_confirmed
99,1791,20250525_214308_950,Bad-Seed,0.425,0.0,148.65,209.8,480.0,unique_confirmed
97,1794,20250525_214309_125,Bad-Seed,0.454,241.02,0.44,640.0,467.28,unique_confirmed
95,1797,20250525_214309_300,Bad-Seed,0.794,0.55,203.1,380.94,479.72,unique_confirmed
100,1800,20250525_214309_494,Bad-Seed,0.772,0.47,0.0,566.81,134.97,unique_confirmed
102,1836,20250525_214311_655,Bad-Seed,0.498,32.43,1.37,435.07,308.66,unique_confirmed
104,1917,20250525_214316_538,Good-Seed,0.322,0.0,0.0,601.9,299.72,unique_confirmed
122,1995,20250525_214321_239,Bad-Seed,0.262,607.08,208.69,640.0,401.75,unique_confirmed
126,2025,20250525_214323_030,Bad-Seed,0.911,124.66,53.63,348.47,286.76,unique_confirmed
127,2025,20250525_214323_030,Bad-Seed,0.501,31.27,413.93,245.04,480.0,unique_confirmed
129,2034,20250525_214323_575,Bad-Seed,0.621,127.88,0.1,448.14,97.23,unique_confirmed
130,2034,20250525_214323_575,Bad-Seed,0.742,73.51,258.26,293.67,479.91,unique_confirmed
140,2172,20250525_214331_894,Bad-Seed,0.604,178.65,120.53,640.0,479.73,unique_confirmed
146,2295,20250525_214339_301,Bad-Seed,0.401,47.72,82.35,640.0,478.1,unique_confirmed
147,2349,20250525_214342_551,Good-Seed,0.426,0.12,7.82,289.67,441.03,unique_confirmed
149,2421,20250525_214346_880,Bad-Seed,0.741,65.31,130.7,518.54,478.66,unique_confirmed
151,2469,20250525_214349_772,Bad-Seed,0.291,5.22,102.26,280.1,415.24,unique_confirmed
154,2559,20250525_214355_180,Bad-Seed,0.923,5.22,146.12,174.58,412.0,unique_confirmed
158,2616,20250525_214358_622,Good-Seed,0.905,305.71,33.09,483.57,293.1,unique_confirmed
159,2667,20250525_214401_709,Bad-Seed,0.799,79.35,124.54,240.09,385.59,unique_confirmed
160,2694,20250525_214403_332,Good-Seed,0.698,81.48,124.02,243.22,384.93,unique_confirmed
161,3204,20250525_214434_037,Bad-Seed,0.734,127.38,159.31,286.2,419.01,unique_confirmed
162,3435,20250525_214447_957,Good-Seed,0.877,158.27,146.97,316.27,403.19,unique_confirmed
163,3720,20250525_214505_112,Bad-Seed,0.715,148.79,171.24,311.73,431.86,unique_confirmed
167,3999,20250525_214521_909,Good-Seed,0.325,0.97,0.0,585.12,372.26,unique_confirmed
168,4281,20250525_214538_903,Bad-Seed,0.524,465.13,215.93,639.76,480.0,unique_confirmed
169,4284,20250525_214539_076,Good-Seed,0.751,476.89,233.22,639.97,479.45,unique_confirmed
171,4302,20250525_214540_160,Good-Seed,0.868,319.53,215.13,571.57,445.18,unique_confirmed
172,4362,20250525_214543_782,Good-Seed,0.694,544.55,5.48,640.0,272.66,unique_confirmed
176,4383,20250525_214545_041,Good-Seed,0.881,298.97,190.94,558.69,415.33,unique_confirmed
179,4773,20250525_214608_532,Bad-Seed,0.593,96.75,378.24,383.63,479.95,unique_confirmed
181,4914,20250525_214617_013,Good-Seed,0.594,225.0,197.74,481.75,397.62,unique_confirmed
180,4920,20250525_214617_380,Bad-Seed,0.325,221.67,212.19,474.37,414.29,unique_confirmed
183,4920,20250525_214617_380,Good-Seed,0.315,0.0,0.0,586.75,36.43,unique_confirmed
185,5007,20250525_214622_612,Good-Seed,0.261,0.02,196.2,489.33,477.62,unique_confirmed
190,5127,20250525_214629_845,Good-Seed,0.66,472.37,328.39,639.86,480.0,unique_confirmed
192,5136,20250525_214630_385,Bad-Seed,0.796,515.25,207.13,639.89,480.0,unique_confirmed
193,5154,20250525_214631_478,Bad-Seed,0.489,552.71,188.24,639.93,384.83,unique_confirmed
196,5178,20250525_214632_917,Good-Seed,0.834,365.71,177.21,640.0,366.44,unique_confirmed
199,5208,20250525_214634_725,Bad-Seed,0.849,484.07,0.0,639.96,203.42,unique_confirmed
200,5214,20250525_214635_090,Good-Seed,0.899,395.97,54.32,640.0,278.07,unique_confirmed
206,5661,20250525_214702_008,Good-Seed,0.798,283.67,0.0,640.0,480.0,unique_confirmed
207,5679,20250525_214703_092,Bad-Seed,0.47,287.86,177.76,639.76,478.6,unique_confirmed
209,5715,20250525_214705_254,Good-Seed,0.91,181.16,0.17,640.0,384.7,unique_confirmed
211,5739,20250525_214706_706,Good-Seed,0.922,302.37,128.59,562.47,348.45,unique_confirmed
212,6570,20250525_214756_737,Bad-Seed,0.532,226.69,0.67,614.28,351.27,unique_confirmed
213,6579,20250525_214757_284,Good-Seed,0.922,256.27,0.76,639.8,345.75,unique_confirmed
214,6750,20250525_214807_590,Bad-Seed,0.851,49.79,0.26,612.71,288.06,unique_confirmed
215,6750,20250525_214807_590,Bad-Seed,0.848,200.62,0.0,493.83,281.63,unique_confirmed
217,6771,20250525_214808_851,Bad-Seed,0.934,269.81,119.11,484.94,381.44,unique_confirmed
